{
    "loss": 0.8186653256416321,
    "accuracy": 0.7017685174942017
}